location_index,type_index,unit_ids
10,0,4941|4942|4943
11,1,2040|3000|3030|3200|3210|3220|3400|3410|3420|3430|3800|3810|5000|5001|5002|5003|5004|5005|5010|5011
12,1,3000|3030|3200|3210|3220|3400|3410|3420|3430|3800|3810|5000|5001|5002|5003|5004|5005|5010|5011
13,1,2010|3000|3030|3200|3210|3220|3400|3410|3420|3430|3800|3810|5000|5001|5002|5003|5004|5005|5010|5011
14,1,3000|3030|3200|3210|3220|3400|3410|3420|3430|3800|3810|5000|5001|5002|5003|5004|5005|5010|5011
15,1,2050|3000|3030|3200|3210|3220|3400|3410|3420|3430|3800|3810|5000|5001|5002|5003|5005|5010|5011
16,1,2030|3000|3030|3200|3210|3220|3400|3410|3420|3430|3800|3810|5000|5001|5002|5003|5004|5005|5010|5011
17,1,2060|3000|3030|3200|3210|3220|3400|3410|3420|3430|3800|3810|5000|5001|5002|5003|5004|5005|5010|5011
18,1,2120|3000|3030|3200|3210|3220|3400|3410|3420|3430|3800|3810|5000|5001|5002|5003|5004|5005|5010|5011
19,1,3000|3030|3200|3210|3220|3400|3410|3420|3430|3800|3810|5000|5001|5003|5004|5005|5010|5011
20,1,2130|3000|3030|3200|3210|3220|3400|3410|3420|3430|3800|3810|5000|5001|5002|5003|5004|5005|5010|5011
21,1,2080|3000|3030|3200|3210|3220|3400|3410|3420|3430|3800|3810|5000|5001|5002|5003|5004|5005|5010|5011
22,1,2090|3000|3030|3200|3210|3220|3400|3410|3420|3430|3800|3810|5000|5001|5002|5003|5004|5005|5010|5011
23,1,2100|3000|3030|3200|3210|3220|3400|3410|3420|3430|3800|3810|5000|5001|5002|5003|5004|5005|5010|5011
24,1,2140|3000|3030|3200|3210|3220|3400|3410|3420|3430|3800|3810|5000|5001|5002|5003|5004|5005|5010|5011
25,1,2110|3000|3030|3200|3210|3220|3400|3410|3420|3430|3800|3810|5000|5001|5002|5003|5004|5010|5011
26,1,2150|3000|3030|3200|3210|3220|3400|3410|3420|3430|3800|3810|5000|5001|5002|5003|5004|5005|5010|5011
27,2,3790|4000|4100|4101|4300|4301|4302|4340|4341|4350|4401|4500|4501
28,2,3790|4000|4100|4300|4340|4350|4500
29,2,3790|4000|4100|4101|4300|4301|4302|4340|4341|4350|4401|4500|4501
30,2,3790|4000|4100|4101|4300|4301|4302|4340|4341|4350|4401|4500|4501
31,2,3790|4000|4090|4100|4101|4300|4301|4302|4340|4341|4350|4401|4500|4501
32,2,3790|4000|4090|4100|4101|4300|4301|4302|4340|4341|4350|4401|4500|4501
33,2,3790|4000|4100|4101|4300|4301|4302|4340|4341|4350|4401|4500|4501
34,2,3790|4000|4100|4101|4300|4301|4302|4340|4341|4350|4401|4500|4501
35,2,3790|4000|4100|4101|4300|4301|4302|4340|4341|4350|4401|4500|4501
36,2,3790|4000|4090|4100|4300|4340|4350|4500
37,2,3790|4000|4090|4100|4101|4300|4301|4302|4340|4341|4350|4401|4500|4501
38,3,4650|4660|4670
39,3,4650|4660|4670|4680
40,3,4650|4660|4670|4680
41,3,4650|4660|4670
42,3,4650|4660|4670
43,3,4650|4660|4670|4680
44,3,4650|4660|4670|4680
45,4,4681|4682|4686|4687|4688|4691|4695
46,5,4652|4653|4654|4656|4663|4664|4666|4667|4668|4674
47,5,4551|4651|4652|4653|4654|4655|4656|4657|4658|4659|4662|4663|4664|4665|4666|4667|4668|4669|4671|4672|4674|4677
48,5,4551|4651|4652|4653|4654|4655|4656|4657|4658|4659|4662|4663|4664|4665|4666|4667|4668|4669|4671|4672|4674|4677
49,5,4551|4651|4652|4653|4654|4655|4656|4657|4658|4659|4662|4663|4664|4665|4666|4667|4668|4669|4671|4672|4674|4677
50,5,4551|4651|4652|4653|4654|4655|4656|4657|4658|4659|4662|4663|4664|4665|4666|4667|4668|4669|4671|4672|4674|4677
51,5,4551|4651|4652|4653|4654|4655|4656|4657|4658|4659|4662|4663|4664|4665|4666|4667|4668|4669|4671|4672|4674|4677
52,5,4551|4651|4652|4653|4654|4655|4656|4657|4658|4659|4662|4663|4664|4665|4666|4667|4668|4669|4671|4672|4674|4677
53,5,4551|4651|4652|4653|4654|4655|4656|4657|4658|4659|4662|4663|4664|4665|4666|4667|4668|4669|4671|4672|4674|4677
54,5,4551|4651|4652|4653|4654|4655|4656|4657|4658|4659|4662|4663|4664|4665|4666|4667|4668|4669|4671|4672|4674|4677
55,5,4551|4651|4652|4653|4654|4655|4656|4657|4659|4662|4663|4664|4665|4666|4667|4668|4669|4671|4672|4674|4677
56,5,4551|4651|4652|4653|4654|4655|4656|4657|4658|4659|4662|4663|4664|4665|4666|4667|4668|4669|4671|4672|4674|4677
57,6,4330|4652|4653|4654|4656|4663|4664|4666|4667|4668|4674
58,6,4330|4652|4653|4654|4656|4658|4663|4664|4666|4667|4668|4674
59,6,4330|4652|4653|4654|4656|4663|4664|4666|4667|4668|4674
60,6,4330|4652|4653|4654|4656|4658|4663|4664|4666|4667|4668|4674
61,6,4330|4652|4653|4654|4656|4663|4664|4666|4667|4668|4674
62,6,4330|4652|4654|4656|4663|4664|4666|4667|4668|4674
63,6,4330|4652|4653|4654|4656|4658|4663|4664|4666|4667|4674
64,6,4330|4652|4653|4654|4656|4658|4663|4664|4667|4668|4674
68,5,4652|4653|4654|4656|4663|4664|4666|4667|4668|4674
69,10,5240|5242
70,11,5245|5246
71,12,5250|5252
72,13,5255|5257
73,14,4780|4790|4800|4810|4910|4917|4927|4928|4929|4930|4990
74,14,4780|4790|4810|4830|4840|4850|4860|4880|4910|4917|4918|4920|4921|4923|4924|4925|4926|4927|4928|4929|4930|4990
75,14,4830|4840|4850|4860|4880|4918|4920|4921|4923|4924|4925|4926
76,14,4910|4917|4927|4928|4929|4930|4990
77,14,4840|4850|4860|4880|4910|4917|4918|4920|4921|4923|4924|4926|4927|4928|4929|4930|4990
78,14,4830|4840|4850|4860|4880|4918|4920|4921|4923|4924|4925|4926
79,15,5367|5368
80,16,5370|5371|5372
81,17,5358|5359
82,18,5360|5361
83,19,5100|5110|5115
84,19,5100|5110|5115
85,19,5100|5110|5115
86,19,5100|5110|5115
87,5,4551|4651|4652|4653|4654|4655|4656|4657|4659|4662|4663|4664|4665|4666|4667|4668|4669|4671|4672|4674|4677
88,5,4551|4651|4652|4653|4654|4655|4656|4657|4659|4662|4663|4664|4665|4666|4667|4668|4669|4671|4672|4674|4677
89,5,4551|4651|4652|4653|4654|4655|4656|4657|4659|4662|4663|4664|4665|4669|4671|4672|4677
90,5,4551|4651|4655|4657|4659|4662|4665|4669|4671|4672|4677
91,5,4551|4651|4652|4653|4654|4655|4656|4657|4659|4662|4663|4664|4665|4666|4667|4668|4669|4671|4672|4674|4677
92,5,4551|4651|4652|4654|4655|4656|4657|4659|4662|4663|4664|4665|4666|4667|4669|4671|4672|4674|4677
93,5,4551|4651|4652|4653|4654|4655|4656|4657|4662|4663|4664|4665|4666|4667|4668|4669|4671|4672|4674|4677
94,5,4551|4651|4652|4653|4654|4655|4656|4657|4659|4662|4663|4664|4665|4666|4667|4668|4669|4671|4672|4674|4677
95,5,4551|4651|4652|4653|4654|4655|4656|4657|4659|4662|4663|4664|4665|4667|4668|4669|4671|4672|4674|4677
96,5,4551|4651|4652|4654|4655|4656|4657|4659|4662|4664|4665|4666|4667|4668|4669|4671|4672|4674|4677
97,5,4551|4651|4652|4653|4654|4655|4656|4657|4659|4662|4663|4664|4665|4666|4667|4668|4669|4671|4672|4674|4677
98,9,4940
99,9,4940
100,9,4940
101,9,4940
102,9,4940
103,9,4940
104,9,4940
105,20,5399
106,20,5399
107,20,5399
108,20,5399
109,9,4940
110,9,4940
111,9,4940
112,9,4940
113,9,4940
114,9,4940
115,9,4940
116,9,4940
117,9,4940
